t,x,y,vd,xyd
0,914.984,1128.73,0,0
1,915.072,1128.73,0.0884,0.442
1,915.161,1128.73,0.0884634,0.0884632
